Author,al1Null,data is scraped from sullygnome.com
average_length,average_viewers,created,followers,language,mature,partnered,streamer_name
246,57,13th Oct 2010,4007,English,False,True,진리 (jinritv)
267,402,18th Jan 2017,108138,Korean,False,True,루밍쨩 (1uming)
184,42,20th Jan 2020,1712,English,False,False,2koreanteachers
134,8,7th Dec 2019,477,Korean,False,False,장이랑 (2yirang)
471,6182,17th Jun 2017,441303,English,False,True,39daph
157,8,23rd Dec 2012,207,English,False,False,7thlotus
135,5,11th Aug 2015,122,Chinese (Hong Kong SAR),False,False,小八段_雲妮莎 (8doon_vanessa)
356,383,26th Oct 2016,34706,Korean,False,True,옥희토끼 (9321207_)
282,26,15th Mar 2020,939,English,False,False,AcousticsLove
225,345,29th May 2017,23666,Korean,False,True,아구이뽀 (agueppo)
280,33,31st Dec 2013,3421,English,False,False,Ahlyxa
209,336,2nd Jan 2019,15359,English,False,True,ajol_llama
170,54,9th May 2019,3788,English,False,False,allecakes
166,56,12th Jan 2017,15424,English,False,True,AlyGator
252,12,12th Jan 2019,578,English,False,False,Amariae123
230,219,20th Mar 2019,14856,Korean,False,False,달려라하유니 (angehayun)
190,1700,6th Mar 2015,288972,English,False,True,AngelsKimi
151,20,7th Jun 2020,710,Korean,False,False,꽚꼆 (ann_2_)
328,82,11th Nov 2017,9523,Korean,False,False,아리아님 (aria_fairy)
515,1221,12th May 2014,159690,English,False,True,AriaSaki
276,232,11th Jul 2015,25353,English,False,True,Arilyna
73,27,3rd Sep 2017,8188,Portuguese,False,False,ArissaHoriye
346,80,2nd Aug 2013,20227,English,False,True,ashleykan
187,11,28th Apr 2020,187,Japanese,False,False,asukasenpai888
237,80,20th Aug 2019,3946,English,False,False,awKie
196,18,17th Jun 2020,384,Japanese,False,False,aya_nope
361,20,21st Jul 2018,3189,Korean,False,False,또따또따 (az9403)
299,326,22nd Nov 2014,53496,English,False,True,babyhsu888
463,33,7th Dec 2017,1344,English,False,False,babynectar
352,136,21st Nov 2015,14360,English,False,True,badabingbadaboing
408,22,13th Nov 2015,6384,Korean,False,False,최아리_ (badgalahri)
390,321,20th Jun 2013,39400,English,False,True,bawnsai
359,11,23rd Jun 2018,1313,Korean,False,False,뽀삐짱 (bbobbizzang_)
237,231,3rd Nov 2016,120170,Korean,False,True,첫눈에뿅 (bbyongluv)
391,1603,29th Aug 2012,348967,English,False,True,Becca
294,120,8th Oct 2019,6140,English,False,False,beddle1218
210,740,28th Feb 2018,250818,Korean,False,False,빛베리 (berry0314)
229,8,23rd May 2018,256,English,False,False,bettybombs
164,1300,21st Feb 2016,397050,Korean,False,True,악녀 (bgirl_0)
254,5,19th Dec 2016,520,Korean,False,False,비주님 (bijoujjang)
158,122,31st Mar 2016,6339,English,False,True,bintokki
376,334,21st Dec 2016,44152,Korean,False,True,김반희 (bonnysurang)
208,218,26th Feb 2014,12126,English,False,True,bubbly_live
367,700,27th Oct 2016,122073,Korean,False,True,카라멜_ (ca_ramel)
197,51,23rd Mar 2019,1649,English,False,False,ca1lia
235,84,10th May 2016,7373,Japanese,False,True,かぼちゃびん (cabochabin)
285,317,8th Mar 2012,12065,Chinese,False,True,悕悕 (candycee)
256,95,13th Feb 2018,30525,English,False,False,Canninyart
108,153,25th Jul 2018,22481,Chinese,False,True,白噪音 (cantbackdown86)
254,214,25th Jan 2015,53575,Korean,False,True,숑아 (caroline9071)
329,57,6th Mar 2015,3578,English,False,False,carrie_cherie
146,22,6th May 2018,2351,English,False,False,Catherine_Chen
275,34,6th Jun 2016,3778,English,False,False,cathywithaK
312,76,21st Apr 2014,36982,English,False,False,Ceweina
157,46,11th Dec 2017,4261,Thai,False,False,CHANANANX
495,17,8th Jan 2018,3132,Korean,False,False,찬고미 (chanbear_)
168,13,29th Jun 2016,2095,English,False,False,chanelchristine_
215,726,17th Jun 2019,30577,Korean,False,False,채리아 (cherria7)
178,101,10th Feb 2020,9661,English,False,False,CherryCake69
174,65,16th Jul 2019,10660,Chinese,False,False,夏如芝 (cherryhsia)
453,1872,20th Feb 2015,231145,Korean,False,True,꽃핀 (cherrypach)
268,28,12th Dec 2016,3595,Korean,False,True,쿠비94 (chery0505)
242,55,14th Jan 2019,7387,English,False,False,cheskachunes
291,898,15th Dec 2015,117829,Chinese,False,True,阿寧 (chiao622)
224,45,29th Nov 2018,2455,English,False,False,chibinewyen
348,352,19th May 2015,52436,Korean,False,True,리포포 (chicchakunaiyo)
341,78,17th Jan 2013,9554,English,False,False,Chikari
282,21,25th May 2017,3066,Korean,False,True,chocoBori
359,46,4th Aug 2019,691,Korean,False,False,그레이쑤 (chordlinegrace)
199,133,15th Jul 2012,8807,English,False,True,chrchan
251,68,30th Sep 2019,5034,English,False,False,chrissstyboo
353,353,2nd Oct 2019,14966,Korean,False,False,채현찌 (chyeonz)
568,146,2nd Dec 2016,19783,English,False,True,Classic_Christinee
223,88,15th Mar 2017,8423,Portuguese,False,False,CoreanaRabuda
425,208,3rd Apr 2015,45432,English,False,True,courtiebee
288,24,14th Oct 2018,2846,English,False,False,CuteChibiChu
202,6,15th Mar 2020,113,Korean,False,False,링구들 (cuteeiyy)
233,51,1st Jan 2019,3321,English,False,False,cyberbarbie
398,76,10th Jun 2017,29857,Korean,False,True,다현쮸 (dahyeon_chu)
360,131,31st Jan 2018,46788,Korean,False,True,다콩 (dakong_)
298,19,1st Mar 2018,6892,Korean,False,False,달비ᅠ (dalbee)
417,200,31st May 2016,13622,Korean,False,True,다롱이 (dalonge)
116,46,8th Mar 2020,2999,English,False,False,dancerfatal
316,283,23rd Apr 2019,4127,Korean,False,True,갓단미 (danmi_nara)
308,277,23rd Sep 2017,56308,Korean,False,True,_단즈 (danz_59)
137,20,10th Jan 2018,1769,Korean,False,False,서다람 (daramidang)
470,59,15th Mar 2019,22664,Korean,False,True,달다래오 (dardarae)
419,1128,23rd Oct 2016,186884,Korean,False,True,다주 (dda_ju)
306,24,14th Feb 2019,3571,Korean,False,False,따니임 (ddaddana)
230,24,16th Sep 2019,1090,Korean,False,False,또해영 (ddo_haeyoung)
404,297,2nd Dec 2018,28051,Korean,False,True,또보미 (ddobomi514)
344,205,22nd Jun 2018,8255,Korean,False,True,도다람이 (ddraming)
391,76,15th Apr 2016,17404,English,False,True,dearcindyphan
212,2739,25th Mar 2019,81651,English,False,False,표은지 (djhenney)
321,927,11th Dec 2017,214418,Korean,False,True,양아지 (dkwl025)
254,247,29th Mar 2017,10555,Korean,False,True,도화링구 (dohwaa)
148,21,19th Jun 2015,1589,English,False,False,doropai
210,61,12th Feb 2019,1803,Korean,False,False,김도톨_ (dotolkim)
294,769,6th Nov 2018,33110,Chinese,False,True,一顆紅豆 (dou95412)
374,666,23rd Oct 2016,156995,Korean,False,True,서넹 (dua3362)
179,22,19th Jul 2018,675,Korean,False,False,duck_7_
405,284,19th Dec 2019,19715,Korean,False,False,단장002 (dxj002)
229,181,6th Oct 2016,16868,Spanish,False,True,EeveeLinh
299,79,9th Mar 2020,2933,Korean,False,False,에피젤리 (effy_kingp)
233,24,24th Jan 2019,2018,English,False,False,eggieface
351,231,12th Jun 2017,7998,Korean,False,True,애니제독님 (eksldudy)
254,202,26th Dec 2018,20957,Korean,False,True,엘리양 (eliceinwonderland)
544,139,30th May 2019,17629,English,False,True,elliegato
164,8,7th Aug 2018,2545,English,False,False,EmiEmiTV
229,497,2nd Oct 2012,37436,English,False,True,emilyywang
298,335,23rd Aug 2019,26297,English,False,False,eny1ng
480,960,11th Aug 2016,288744,Korean,False,True,에렌디라 (erenjjing)
381,33,7th May 2019,5078,Korean,False,False,묵은지님 (eun2ji)
106,2,24th Mar 2020,84,English,False,False,evelynshaw
189,37,6th Sep 2013,4308,English,False,True,evolutionofevie
390,70,12th Nov 2017,3378,English,False,False,fairywink
211,18,9th Aug 2019,430,English,False,False,FineChinaX
312,5,19th Nov 2012,178,English,False,False,Fleural
288,1064,12th Jul 2017,171547,Korean,False,True,꽃빈 (flowervin)
350,2711,21st Feb 2015,317944,English,False,True,fuslie
194,31,9th May 2018,20455,English,False,True,g_lilmonstar
189,83,20th Feb 2017,20387,Portuguese,False,True,gabiilissa
202,994,30th Jul 2015,83436,English,False,True,gamergirl
245,26,28th Nov 2017,1359,Russian,False,False,GeeGeeguyz
227,64,28th Oct 2018,770,English,False,False,ggjaci
281,232,17th Jan 2017,39325,English,False,True,GGria
166,200,14th Jul 2018,32114,Korean,False,True,GGUMONG
151,253,27th Feb 2019,51394,Korean,False,True,정병소녀 (ghghgigi)
582,372,18th Dec 2016,74064,Korean,False,True,쁘허 (gjqm056)
412,592,3rd Mar 2019,32714,Korean,False,True,한냥이_ (gkssk446)
146,95,20th Feb 2019,18948,Korean,False,True,온__ (gpdnjs2)
149,4,16th Jun 2018,437,Thai,False,False,grandma_gg
290,428,2nd Jul 2015,56838,Japanese,False,True,ぐぐってみぃ (gugu2525)
226,802,27th Oct 2016,231936,Korean,False,True,이초홍 (h920103)
277,86,12th Aug 2018,11200,English,False,True,haynurs
213,2513,6th Feb 2018,209081,English,False,True,HAchubby
197,12,25th Sep 2017,118,Chinese,False,False,haki1117
208,6,19th Apr 2020,195,English,False,False,HAM_LiTT
253,38,28th Aug 2019,4096,Korean,False,False,하나아_ (hana20)
264,404,4th Aug 2018,20985,Korean,False,True,한올__ (hanallnem_)
239,131,10th Dec 2015,15261,English,False,True,HANAWINS
126,337,12th Dec 2011,5074,Chinese,False,True,張大荷 (hanko3)
162,59,11th Apr 2020,1918,Korean,False,False,한피콕 (hanneasssyy)
370,57,18th Mar 2020,2213,Korean,False,False,하리1 (happy_harri)
250,13,31st Dec 2018,757,Thai,False,False,happyOmelet
403,1518,26th Feb 2017,74210,Korean,False,True,햇살살 (hatsalsal)
250,148,26th Dec 2017,15748,Korean,False,True,_헤티 (hattie_cos)
355,18,26th Jul 2015,760,English,False,False,haylizzle
851,448,25th Oct 2016,18560,Korean,False,True,해기님 (he0901)
307,137,2nd Feb 2019,8105,Korean,False,True,히더지 (heeduji)
173,103,17th Sep 2015,3814,Chinese,False,False,嗨底總動員 (heidihanhan)
303,1198,3rd Jan 2017,117709,Korean,False,True,헤징 (hejin0_0)
132,93,6th Sep 2017,5053,English,False,True,hellomayuko
269,102,21st Sep 2016,18515,English,False,True,HelloMeganLee
258,34,27th Aug 2018,5204,English,False,False,herdthelambs
132,6,18th Nov 2017,741,Chinese,False,False,金魚魚魚 (heyitsgoldfishhh)
424,45,8th May 2016,2806,English,False,False,Himechin
178,1742,7th Feb 2017,107971,Korean,False,True,백설양 (hj0514)
246,32,12th Nov 2019,12509,Korean,False,False,해리잉잉 (hl1214hl)
158,433,30th Oct 2017,118491,Korean,False,True,고말숙_ (hn950421)
348,49,26th Sep 2018,2566,Korean,False,False,김홀릭 (holickk)
169,102,18th Jul 2019,4372,Japanese,False,True,HolyMolyJP
110,20,11th Oct 2019,1981,Korean,False,False,꿀설기님 (honey0805)
261,10,19th Jan 2019,771,Korean,False,False,홉이 (hope12000)
338,299,3rd Dec 2016,28709,Korean,False,True,호수0_0 (hosu0904)
379,446,22nd Nov 2016,34413,Korean,False,True,막내현진 (hyeondini)
102,4,22nd Oct 2019,155,Korean,False,False,효잇_ (hyoit_)
890,85,7th Jun 2017,4571,Korean,False,False,나잼니 (i_jam_u)
340,150,1st Feb 2018,7290,English,False,True,IamHaremi
238,1142,10th Mar 2014,189281,English,False,True,iGUMDROP
496,10,19th Aug 2019,817,Korean,False,False,카알 (iliiliililili)
149,33,21st May 2018,6986,Korean,False,False,안녕일라 (illairl)
374,1124,10th Sep 2019,70184,English,False,True,imjasmine
450,24,12th Feb 2019,667,Korean,False,False,imnotdaadaa
207,82,25th Feb 2020,3635,English,False,False,티파니티파니 (imtiffany)
180,66,7th Oct 2011,19007,English,False,True,iMuffinsx3
201,2,2nd Jan 2015,19,English,False,False,Internet_Bambi
269,88,2nd Jun 2017,4120,English,False,False,Irenealing
267,1407,6th Oct 2016,58508,Chinese,False,True,劉萱的萱 (iris522)
141,53,2nd Jan 2018,5666,English,False,False,IrisKymm
415,53,2nd Apr 2015,7412,English,False,False,IronicPseudonym
142,90,23rd May 2014,3445,English,False,True,istarxb
389,3274,24th May 2012,784766,English,False,True,itsHafu
99,2241,21st Jul 2018,162982,English,False,True,JadeyAnh
135,83,6th Jan 2019,9759,English,False,False,jagkoleen
346,85,27th Jun 2013,12114,English,False,True,JasmineMilkTea
324,164,16th Apr 2016,20086,English,False,True,Jassy
192,36,11th Aug 2019,1069,English,False,False,JayneRio
377,9,9th Oct 2019,276,Chinese,False,False,吉拿_棒 (jena014)
218,33,19th Oct 2017,2565,English,False,True,jenbaited
234,4,5th Jul 2015,204,English,False,False,JennesisXC
245,15,12th May 2018,8423,English,False,False,JENNYKIM
427,265,9th Jun 2018,26384,English,False,True,jessica
149,5,9th Apr 2019,67,English,False,False,jessicajiang107
173,105,15th May 2020,2131,English,False,False,jessicakohh
149,1433,10th Feb 2019,161517,Korean,False,True,진자림 (jinjalim)
326,47,5th Feb 2020,1751,Korean,False,False,이진지 (jinjilee)
508,4692,8th Jun 2017,334042,English,False,True,Jinnytty
270,7,24th May 2019,509,Korean,False,False,유댕댕쓰 (jjjjjjjjeong)
644,72,7th Sep 2017,15849,Korean,False,True,쫄비 (jjolbi1987)
128,194,26th Oct 2016,35180,Korean,False,True,달끼 (jjorongho)
308,17,8th Nov 2016,601,English,False,False,joannerrrzx3
493,23,14th Jul 2019,3124,Korean,False,False,돌머리에유 (joung415)
466,22,13th Apr 2013,14347,English,False,False,JUDYBEANZZ
190,39,4th Jan 2018,1901,English,False,False,Juelia
299,79,18th Jan 2016,9284,Chinese,False,False,嘿嘿543 (july_oxo)
277,119,4th Jan 2018,19213,English,False,True,JulynnLau
225,5194,1st Nov 2017,218114,Portuguese,False,True,JuMayumin
209,34,8th Apr 2017,6553,Korean,False,True,점피지니 (jumpy_jinny)
277,3,21st Apr 2020,83,Korean,False,False,정초니 (jungjjjoni)
182,49,27th Jul 2019,2561,English,False,False,juziis
222,346,18th Jan 2018,77640,English,False,True,jvna
84,25,7th May 2020,404,Korean,False,False,아현이네 (kah00412)
445,149,28th Nov 2016,53740,English,False,True,Kaia
236,111,1st Dec 2019,9429,English,False,False,kaiimae
188,299,12th Jan 2020,8603,English,False,True,kanagangtv
442,245,13th Jul 2018,13307,Korean,False,True,간장ㅎ (kanjang7)
274,75,27th Mar 2015,2584,English,False,False,karenegg
183,27,12th Nov 2019,1560,English,False,False,katiecakey
462,157,31st Oct 2018,9735,Korean,False,True,새빨간콜라 (kbr943)
166,41,8th Apr 2020,1498,English,False,False,ketisan
287,443,21st Apr 2014,83255,English,False,True,Kiaraakitty
174,5,29th Jun 2017,174,English,False,False,KillaKinz
199,19,22nd Nov 2018,1998,Korean,False,False,김러비_ (kim_lovey)
109,4,18th Mar 2014,166,English,False,False,Kimalee
384,988,5th Nov 2018,54432,Korean,False,True,김갑주 (kimgapju)
210,24,4th Apr 2015,2409,English,False,False,kimochinna
194,65,12th Dec 2017,2385,English,False,False,KimYoonyoung
405,107,16th Mar 2016,19140,Korean,False,True,윤설님 (kio0215)
244,326,6th Feb 2019,29308,Korean,False,True,기룡이 (kiryong2)
335,1050,1st Oct 2019,17204,Chinese,False,True,豆豆在這裡 (kiss_850722)
479,83,17th Nov 2018,12064,Korean,False,True,깡마 (kkangma26)
135,21,9th Jun 2019,929,Korean,False,False,도롱이이 (kkm0918)
229,162,7th Mar 2019,7979,Korean,False,True,뀨밍밍 (kkyumingming)
342,58,15th Feb 2018,1916,English,False,True,Koalli
458,53,21st Mar 2019,28475,Spanish,False,False,koemiUmi
177,4,12th Apr 2020,334,Korean,False,False,두콩22 (kongdoo_22)
133,27,7th Aug 2018,3814,Korean,False,False,쿵실이 (koongsil2)
21,2,18th Jul 2018,112,English,False,False,KoreanDomination
276,378,10th Dec 2016,55312,Korean,False,True,모잉이_ (kr_elice)
307,121,26th Apr 2015,11313,English,False,True,KrisRey
248,209,17th Sep 2018,18940,Korean,False,True,끠끼 (kuiki771)
434,1907,26th Mar 2015,172668,Korean,False,True,고차비 (kumikomii)
333,238,31st Oct 2016,105206,Korean,False,True,이춘향 (leechunhyang)
449,590,21st Oct 2016,92388,Korean,False,True,루다님_ (leehunnyeo)
208,186,23rd Sep 2015,35712,Chinese,False,True,Leejuju
168,187,10th May 2018,6697,Korean,False,False,레사_ (lessa_tv)
114,118,30th Jan 2018,1589,English,False,False,lidglue
348,428,5th Apr 2020,15092,Korean,False,False,릴펄1 (lilpearl_)
420,44,25th Aug 2016,3838,English,False,False,lilycheee
598,38,19th Dec 2016,4802,English,False,False,LilyPaddie
221,11136,6th Jun 2012,1276515,English,False,True,lilypichu
155,5,4th Dec 2018,271,English,False,False,limmyx3
299,2150,4th Jul 2019,132925,Korean,False,True,순당무 (liok0485)
367,84,26th Aug 2017,8780,English,False,True,lisabby
232,698,28th Oct 2016,127751,Korean,False,True,리타 (lita282)
313,193,25th Oct 2014,16064,English,False,True,lita426t
300,444,29th Dec 2016,36995,English,False,True,litahry
152,4,28th Jul 2019,145,English,False,False,littletunna
278,52,27th Oct 2014,13479,English,False,True,lixy
322,453,1st Nov 2016,111491,Korean,False,True,혜요 (lo10002)
492,1516,15th Dec 2016,100965,Korean,False,True,_연두부_ (lovelyyeon)
214,331,22nd Feb 2017,64961,Korean,False,True,_솔빈 (loven4862)
248,138,9th Feb 2019,12627,English,False,True,로코코_ (loverococo)
209,400,19th Jul 2017,92264,Korean,False,True,미모_ (loveseti)
200,19,6th Sep 2012,4879,English,False,True,Lubuns
450,1629,18th Jan 2016,80949,Korean,False,True,루시아 (lucia94)
312,284,14th Jul 2018,43364,Korean,False,True,러끼 (luck22222)
218,13,26th Oct 2014,457,English,False,False,lunahkuma
286,117,24th May 2019,6338,Korean,False,False,열밍_ (luvming01)
250,12,16th Oct 2018,1064,Chinese,False,False,紅豆霸 (lym_611)
295,1249,29th Jun 2017,185411,Korean,False,True,마뫄 (ma_mwa)
356,1217,17th Nov 2018,91056,Korean,False,True,마젠타_ (magenta62)
133,9,28th Apr 2017,1456,English,False,False,maidMAYMAY
231,519,16th Jul 2018,31658,Korean,False,True,막이마기 (makiymagi)
426,24,10th Dec 2018,1407,Korean,False,False,민트야 (mandumint)
123,44,26th May 2018,1959,English,False,False,Mara2ak
434,296,28th Nov 2017,56941,Korean,False,True,루코 (maruko_zzang)
139,1080,21st Nov 2013,160354,English,False,True,MaryJLeeee
608,211,27th Nov 2014,99792,English,False,True,MaryMaybe
409,25,1st Apr 2020,1546,Korean,False,False,먼치킨솜 (mcksome33)
230,28,29th Apr 2019,1165,English,False,False,Meimeikyu
314,8,30th Jul 2018,195,Chinese,False,False,咪咪豬 (memeg1128)
133,21,24th Jan 2016,1857,English,False,False,Meowkisu
344,599,8th Feb 2018,84715,English,False,True,Meowko
156,8,25th Apr 2018,2548,English,False,False,MeowzaMeow
303,70,15th May 2019,17146,Korean,False,False,미단이 (midany)
134,52,18th May 2018,3664,Korean,False,False,미도롱 (mido_rong)
203,6,26th Sep 2017,81,English,False,False,Mikikuma28
310,16,6th Jun 2017,6320,Korean,False,False,미키야みきや (mikiya91)
264,7,21st Mar 2020,369,Russian,False,False,mikossya
292,32,29th Mar 2016,717,English,False,False,Milkenet
194,4,29th May 2019,86,English,False,False,milkTswizzle
130,16,3rd Mar 2020,1157,English,False,False,mimiedamami
223,27,16th May 2019,4630,English,False,False,minarocket_
165,5,21st Jan 2020,91,Korean,False,False,밍히_ (minghee_0325)
258,19,27th Sep 2019,1478,Korean,False,False,민쎵 (minssyoung)
254,129,2nd Feb 2014,3496,English,False,True,Minterly
195,1007,7th Aug 2019,41619,Korean,False,False,나는나미춘 (misschoon)
381,46,11th Dec 2018,4233,Korean,False,False,젤리양 (missjelly)
299,40,13th Aug 2019,1370,English,False,False,missmononoke
242,136,10th Oct 2015,10886,English,False,True,MitsukiBb
346,23,19th Sep 2019,1510,Korean,False,False,미야_ (miyalove33)
73,63,9th Apr 2020,1227,Japanese,False,False,みず_たまり (mizutamari_)
322,79,3rd Jan 2013,32045,English,False,True,Mizzimie
156,289,27th Sep 2018,68688,Korean,False,True,망개__ (mmange2)
188,18,30th Apr 2020,594,English,False,False,Mochi_BunnyS2
114,104,29th Apr 2018,14003,English,False,False,MomoOkimoto
211,15,6th Aug 2016,348,English,False,False,moonfishie
85,4,22nd Mar 2020,298,English,False,False,mprizzy204_
178,62,14th Jan 2018,22700,English,False,False,MsBeverlyHart
152,95,12th Nov 2018,3027,English,False,False,msemilywong
345,13,9th Jun 2019,579,English,False,False,MsMingLifestyle
142,59,24th Aug 2019,8698,English,False,False,mvngokitty
230,29,17th Oct 2019,1479,English,False,False,mylsquared
194,278,22nd Sep 2017,25110,Korean,False,True,묘야님 (myoya_)
191,33,10th Apr 2020,1132,Korean,False,False,뮤_아_ (myu_ah_)
206,214,17th Mar 2015,10742,Chinese,False,True,奈奈奈奈奈兒 (nai0529)
161,9,14th Mar 2014,1633,English,False,False,namnamsian
347,116,4th Jul 2014,37003,English,False,True,Nana
14,4409,17th Mar 2017,198607,Korean,False,True,우정잉 (nanajam777)
345,1655,22nd Oct 2016,141375,Korean,False,True,나나양 (nanayango3o)
272,802,25th Jul 2015,64802,Chinese,False,True,妮婭 (nancy840325)
180,20,29th Apr 2015,1811,English,False,False,NankishD
168,216,27th Dec 2018,34831,Korean,False,True,나리땽 (nariddyang)
428,668,6th Apr 2013,137152,English,False,True,Natsumiii
224,93,19th Feb 2015,47879,Korean,False,True,Neko
205,53,19th Apr 2020,1397,Japanese,False,False,NegiNeko_Tokyo
204,62,5th Jan 2018,13304,English,False,True,Nic0le
194,46,19th Aug 2016,6534,Chinese,False,True,妖乖 (nicemonsteroh)
229,165,29th Sep 2018,15325,Korean,False,True,니네언니 (nineunni)
138,30,1st May 2017,6279,English,False,False,niwenwen
300,420,28th Aug 2018,44550,Korean,False,True,연나비님 (nnabi)
426,838,4th Nov 2018,106648,Korean,False,True,노부기_ (nobugi)
169,252,22nd Nov 2015,6342,English,False,False,nohaileeno
195,121,22nd Jan 2015,27928,English,False,True,NoJennyNo
309,92,19th Aug 2018,5052,English,False,False,nomiadic_kim
607,90,5th Jul 2016,16180,Thai,False,True,nty1997
356,26,18th Dec 2019,2562,Korean,False,False,팥찌 (nuclear0920)
263,32,3rd Sep 2017,4980,English,False,True,nukella
223,116,12th May 2013,5686,English,False,True,nurri
394,20,19th May 2018,892,English,False,False,nursenaneki
448,377,7th Mar 2018,16238,Korean,False,True,징가ㅇ3ㅇ (o3ojingga)
412,218,6th Nov 2016,22634,English,False,True,ohaidiana
159,227,20th Oct 2014,101795,English,False,True,OHLANA
376,1064,21st Jun 2017,97542,Korean,False,True,박옥자누나 (ok_ja)
226,45,26th Jan 2019,2882,Japanese,False,False,olive_sp
156,29,26th Dec 2019,1877,English,False,False,OliviaYolovia
194,72,24th Feb 2019,4948,English,False,False,onebizarrepeach
310,19,19th Jan 2017,704,Korean,False,False,미니핀아리 (orsten1102)
223,107,29th May 2018,6360,Korean,False,False,강민정_ (orzr10z)
156,368,28th Feb 2019,130672,Korean,False,True,오요_ (oyozzz)
779,73,30th Jul 2018,92077,Thai,False,True,PANGCHOM
267,306,15th Sep 2017,32467,Korean,False,True,박잔디 (parkjand)
252,310,21st Jan 2018,13783,English,False,True,pealeaf
236,671,29th Jun 2014,200662,Korean,False,True,ぺにょ (penyo_)
352,553,12th Oct 2011,111630,English,False,True,peyzki
114,24,26th Feb 2020,11555,English,False,False,pink_puzzle
175,38,29th Jul 2019,1623,Korean,False,False,꽃지닝 (pinkholic93)
502,18,27th Oct 2015,827,English,False,False,PinkRicecake
164,3,24th Mar 2020,114,English,False,False,PlanetJAYDA
200,6,29th Jul 2017,191,Korean,False,False,레나___ (plenaq)
495,239,21st Sep 2015,35201,English,False,True,ploo
190,21,31st Mar 2019,5618,English,False,True,ploythecat
222,71,24th Jul 2017,4150,English,False,False,POPOnut
271,2786,20th Mar 2020,168501,English,False,True,PotasticP
426,120,7th Dec 2018,17673,English,False,True,ppim
137,1435,27th Oct 2016,113560,Korean,False,True,PPOMODOLI
416,84,26th Oct 2016,16862,Korean,False,True,예블리 (pqf1234)
241,31,23rd Oct 2019,1585,English,False,False,primrose_rosy
298,152,8th May 2013,27094,English,False,True,Qilin
389,256,9th Aug 2016,86886,Korean,False,True,후즈 (queenhuz)
304,25,23rd Feb 2018,1113,English,False,False,QueenPams
386,134,9th Jul 2018,16049,Korean,False,True,여름이0908 (qufakwdywjd)
179,154,16th Nov 2015,20395,English,False,False,quqco
268,40,6th Jun 2020,1387,Korean,False,False,백라빈 (rabinking)
316,66,10th Nov 2016,2021,Chinese (Hong Kong SAR),False,False,RachelW
350,17,20th Oct 2019,488,English,False,False,rachikimi
279,27,1st Jan 2020,3647,Korean,False,False,쏨야찌 (radada_)
217,1051,22nd Feb 2020,161796,English,False,True,Raelilblack
906,877,14th Sep 2016,81472,English,False,True,Raeyei
164,117,15th Nov 2018,20667,Korean,False,False,아임레이나 (rainamoment)
234,23,13th Jul 2019,718,Korean,False,False,람람백과 (ramramey)
200,169,21st Jun 2016,41778,English,False,True,Raquel
222,144,24th Jun 2018,9910,Japanese,False,True,reika_kyochannel
451,182,9th Feb 2015,80418,Korean,False,True,렘쨩 (remguri)
222,7,22nd Feb 2018,649,English,False,False,ren_250
153,56,17th Jun 2020,333,English,False,False,려니쉬 (ryeonish)
191,9,30th Jul 2014,122,English,False,False,RicePandah
233,195,18th Oct 2017,33726,English,False,True,rilaccoco
296,2008,8th Jan 2017,64829,Korean,False,True,강소연 (rkdthdus930)
434,2201,1st Mar 2017,488461,Korean,False,True,강지 (rkdwl12)
224,15,26th Mar 2019,15496,Korean,False,False,로즈바리 (rosebari)
414,2299,30th Jul 2013,210701,Korean,False,True,연두는말안드뤄 (rudbeckia7)
284,350,19th Jan 2019,146321,Korean,False,True,룬레이 (runray_)
313,15,7th Jul 2019,1616,Korean,False,False,코팜 (ryusaei92)
95,120,26th Feb 2020,5336,English,False,True,ryusera
415,1399,4th Nov 2016,175364,Korean,False,True,삐부 (s1032204)
675,5665,29th May 2012,568308,Korean,False,True,서새봄냥 (saddummy)
515,1383,8th Nov 2016,200374,Korean,False,True,금사향 (sah_yang)
283,23,27th Aug 2018,1453,Korean,False,False,여노쨩 (sailorm09)
296,58,24th Sep 2016,24195,English,False,True,sailorsalty
228,95,15th Jun 2018,4802,English,False,True,sakura_ko
213,157,26th May 2018,19437,English,False,True,SAKURAsenpaiJAPAN
210,42,23rd Aug 2017,1159,Chinese,False,False,莎拉莎拉 (sarasweetie)
463,214,19th Oct 2019,8684,Korean,False,False,쿠하1 (sees360)
637,194,28th Sep 2016,27320,Chinese,False,True,自私兒 (selfish77)
206,47,17th Nov 2016,8913,Korean,False,True,전서연 (seoyeon1994)
130,18,13th Jan 2020,1238,Korean,False,False,메맨데스 (seoyuna39)
307,14,8th Oct 2018,831,Korean,False,False,감자연 (sewon953)
111,4,22nd Oct 2015,137,Chinese,False,False,想被餵食奶茶的阿湜 (shaoyao__)
273,10,13th Oct 2014,713,English,False,False,ShellStreams
320,32,10th Mar 2020,1232,Korean,False,False,신시아양 (shin_sia)
218,10,17th Feb 2019,1565,Korean,False,False,신딩_ (shinding2)
165,428,8th Apr 2019,16989,Spanish,False,True,Shinipan
311,107,23rd Aug 2016,13944,English,False,True,ShuFayeWong
56,24,10th Oct 2019,3029,English,False,False,ShyBongIRL
253,46,23rd May 2017,10157,Thai,False,True,Sinednas
102,3,13th Oct 2019,195,Korean,False,False,꿀_허니 (sing_honey)
170,129,11th May 2020,3852,Korean,False,False,즙신영 (sinyoungtv)
134,3,2nd Apr 2020,39,Korean,False,False,기시온 (sione_ki)
265,30,25th Aug 2019,42695,English,False,False,sixpika
285,13,15th Dec 2018,1308,Korean,False,False,수지니__ (sj_hundred)
130,1,31st Aug 2019,247,Korean,False,False,하이유ㅎ (sjrkwhgdk31)
147,3,2nd Mar 2020,3561,Korean,False,False,노래하는하은 (skdisk525)
368,1687,8th Oct 2015,85607,Korean,False,True,스나랑 (snarang)
184,23,26th Nov 2019,4273,Spanish,False,False,sofi_shima
319,45,8th Dec 2018,3505,English,False,False,softinhi
125,39,6th Nov 2018,1965,Korean,False,False,솔이솔이 (sol_0510)
313,440,21st Jan 2019,27132,Korean,False,True,송사비 (song4b)
409,2648,19th Oct 2016,252308,Korean,False,True,소니쇼 (sonycast_)
234,2095,27th Feb 2019,158284,Korean,False,True,수련수련 (sooflower)
356,164,18th Jun 2018,7566,Korean,False,False,소라___ (sorabbang629)
